iter	Logloss
0	0.5990894213
1	0.5225435676
2	0.4597586981
3	0.4061524984
4	0.3598136156
